{
  "name": "Alert",
  "type": "object",
  "properties": {
    "ranch_id": {
      "type": "string",
      "description": "ID of the ranch this alert belongs to"
    },
    "title": {
      "type": "string",
      "description": "Alert title"
    },
    "message": {
      "type": "string",
      "description": "Alert message"
    },
    "severity": {
      "type": "string",
      "enum": [
        "Critical",
        "Urgent",
        "Warning",
        "Info"
      ],
      "description": "Alert severity level"
    },
    "category": {
      "type": "string",
      "enum": [
        "Health",
        "Breeding",
        "Financial",
        "Pasture",
        "Equipment",
        "General"
      ],
      "description": "Alert category"
    },
    "date": {
      "type": "string",
      "format": "date",
      "description": "Alert date"
    },
    "related_entity_id": {
      "type": "string",
      "description": "ID of related entity (animal, pasture, etc.)"
    },
    "related_entity_name": {
      "type": "string",
      "description": "Name of related entity"
    },
    "status": {
      "type": "string",
      "enum": [
        "Active",
        "Acknowledged",
        "Resolved"
      ],
      "default": "Active"
    },
    "action_required": {
      "type": "string",
      "description": "Required action"
    }
  },
  "required": [
    "ranch_id",
    "title",
    "message",
    "severity",
    "category",
    "date"
  ]
}