{
  "name": "Animal",
  "type": "object",
  "properties": {
    "ranch_id": {
      "type": "string",
      "description": "ID of the ranch that owns this animal"
    },
    "name": {
      "type": "string",
      "description": "Name or identifier of the animal"
    },
    "tag_number": {
      "type": "string",
      "description": "Unique tag/ID number"
    },
    "type": {
      "type": "string",
      "enum": [
        "Cattle",
        "Calf",
        "Bull",
        "Heifer",
        "Steer"
      ],
      "description": "Type of livestock"
    },
    "breed": {
      "type": "string",
      "description": "Breed of the animal"
    },
    "date_of_birth": {
      "type": "string",
      "format": "date"
    },
    "gender": {
      "type": "string",
      "enum": [
        "Male",
        "Female"
      ]
    },
    "weight": {
      "type": "number",
      "description": "Current weight in lbs"
    },
    "purchase_price": {
      "type": "number",
      "description": "Purchase price in USD"
    },
    "current_value": {
      "type": "number",
      "description": "Current market value in USD"
    },
    "pasture_location": {
      "type": "string",
      "description": "Current pasture location"
    },
    "health_status": {
      "type": "string",
      "enum": [
        "Healthy",
        "Under Treatment",
        "Urgent Attention",
        "Recovering"
      ],
      "default": "Healthy"
    },
    "breeding_status": {
      "type": "string",
      "enum": [
        "Active Breeding",
        "Pregnant",
        "Not Breeding",
        "Retired"
      ],
      "default": "Not Breeding"
    },
    "notes": {
      "type": "string",
      "description": "Additional notes"
    },
    "image_url": {
      "type": "string",
      "description": "Photo of the animal"
    },
    "sire_id": {
      "type": "string",
      "description": "ID of the animal's father"
    },
    "sire_name": {
      "type": "string",
      "description": "Name of the animal's father"
    },
    "dam_id": {
      "type": "string",
      "description": "ID of the animal's mother"
    },
    "dam_name": {
      "type": "string",
      "description": "Name of the animal's mother"
    }
  },
  "required": [
    "ranch_id",
    "name",
    "tag_number",
    "type",
    "breed"
  ]
}