{
  "name": "BankTransaction",
  "type": "object",
  "properties": {
    "ranch_id": {
      "type": "string",
      "description": "ID of the ranch"
    },
    "connection_id": {
      "type": "string",
      "description": "ID of the bank connection"
    },
    "stripe_transaction_id": {
      "type": "string",
      "description": "Stripe transaction ID"
    },
    "posted_at": {
      "type": "string",
      "format": "date",
      "description": "Transaction posted date"
    },
    "amount": {
      "type": "number",
      "description": "Transaction amount (positive = income, negative = expense)"
    },
    "currency": {
      "type": "string",
      "default": "usd",
      "description": "Transaction currency"
    },
    "description": {
      "type": "string",
      "description": "Transaction description"
    },
    "merchant_name": {
      "type": "string",
      "description": "Merchant or payee name"
    },
    "category": {
      "type": "string",
      "description": "Auto-detected category"
    },
    "status": {
      "type": "string",
      "enum": [
        "posted",
        "pending"
      ],
      "default": "posted",
      "description": "Transaction status"
    },
    "linked_record_id": {
      "type": "string",
      "description": "ID of linked Revenue or Expense record"
    },
    "linked_type": {
      "type": "string",
      "enum": [
        "Revenue",
        "Expense"
      ],
      "description": "Type of linked record"
    },
    "import_state": {
      "type": "string",
      "enum": [
        "new",
        "reviewed",
        "ignored",
        "created"
      ],
      "default": "new",
      "description": "Import processing state"
    },
    "transaction_hash": {
      "type": "string",
      "description": "Hash for deduplication"
    },
    "notes": {
      "type": "string",
      "description": "User notes"
    }
  },
  "required": [
    "ranch_id",
    "connection_id",
    "posted_at",
    "amount",
    "description"
  ]
}