{
  "name": "BankConnection",
  "type": "object",
  "properties": {
    "ranch_id": {
      "type": "string",
      "description": "ID of the ranch this connection belongs to"
    },
    "stripe_customer_id": {
      "type": "string",
      "description": "Stripe customer ID"
    },
    "stripe_fincon_account_id": {
      "type": "string",
      "description": "Stripe Financial Connections account ID"
    },
    "institution_name": {
      "type": "string",
      "description": "Name of the bank/institution"
    },
    "account_last4": {
      "type": "string",
      "description": "Last 4 digits of account number"
    },
    "account_type": {
      "type": "string",
      "description": "Account type (checking, savings, etc.)"
    },
    "status": {
      "type": "string",
      "enum": [
        "active",
        "disconnected",
        "error"
      ],
      "default": "active",
      "description": "Connection status"
    },
    "last_sync_at": {
      "type": "string",
      "format": "date-time",
      "description": "Last successful sync timestamp"
    },
    "balance": {
      "type": "number",
      "description": "Current account balance"
    },
    "currency": {
      "type": "string",
      "default": "usd",
      "description": "Account currency"
    },
    "data_scopes": {
      "type": "array",
      "description": "Data access scopes granted",
      "items": {
        "type": "string"
      }
    },
    "sync_enabled": {
      "type": "boolean",
      "default": true,
      "description": "Whether auto-sync is enabled"
    }
  },
  "required": [
    "ranch_id",
    "stripe_customer_id",
    "stripe_fincon_account_id",
    "institution_name"
  ]
}