{
  "name": "BreedingRecord",
  "type": "object",
  "properties": {
    "ranch_id": {
      "type": "string",
      "description": "ID of the ranch"
    },
    "animal_id": {
      "type": "string",
      "description": "ID of the female animal"
    },
    "animal_name": {
      "type": "string",
      "description": "Name of the female animal"
    },
    "bull_id": {
      "type": "string",
      "description": "ID of the bull"
    },
    "bull_name": {
      "type": "string",
      "description": "Name of the bull"
    },
    "breeding_date": {
      "type": "string",
      "format": "date",
      "description": "Date of breeding"
    },
    "expected_calving_date": {
      "type": "string",
      "format": "date",
      "description": "Expected calving date"
    },
    "actual_calving_date": {
      "type": "string",
      "format": "date",
      "description": "Actual calving date"
    },
    "breeding_method": {
      "type": "string",
      "enum": [
        "Natural",
        "Artificial Insemination"
      ],
      "description": "Method of breeding"
    },
    "conception_confirmed": {
      "type": "boolean",
      "description": "Whether conception was confirmed"
    },
    "calf_id": {
      "type": "string",
      "description": "ID of the resulting calf"
    },
    "calf_gender": {
      "type": "string",
      "enum": [
        "Male",
        "Female",
        "Unknown"
      ]
    },
    "calf_weight": {
      "type": "number",
      "description": "Birth weight of calf in lbs"
    },
    "notes": {
      "type": "string",
      "description": "Additional notes"
    },
    "status": {
      "type": "string",
      "enum": [
        "Breeding",
        "Pregnant",
        "Calved",
        "Failed"
      ],
      "default": "Breeding"
    }
  },
  "required": [
    "ranch_id",
    "animal_id",
    "animal_name",
    "breeding_date"
  ]
}