{
  "name": "DataExport",
  "type": "object",
  "properties": {
    "ranch_id": {
      "type": "string",
      "description": "ID of the ranch"
    },
    "user_email": {
      "type": "string",
      "description": "Email of user who initiated export"
    },
    "user_name": {
      "type": "string",
      "description": "Name of user who initiated export"
    },
    "export_date": {
      "type": "string",
      "format": "date-time",
      "description": "Date and time of export"
    },
    "file_name": {
      "type": "string",
      "description": "Name of the exported file"
    },
    "export_type": {
      "type": "string",
      "enum": [
        "Full",
        "Animals",
        "Financials",
        "Health",
        "Breeding"
      ],
      "default": "Full",
      "description": "Type of export"
    }
  },
  "required": [
    "ranch_id",
    "user_email",
    "export_date",
    "file_name"
  ]
}