{
  "name": "Expense",
  "type": "object",
  "properties": {
    "ranch_id": {
      "type": "string",
      "description": "ID of the ranch"
    },
    "date": {
      "type": "string",
      "format": "date",
      "description": "Date of expense"
    },
    "category": {
      "type": "string",
      "enum": [
        "Feed",
        "Veterinary",
        "Labor",
        "Equipment",
        "Utilities",
        "Maintenance",
        "Supplies",
        "Transportation",
        "Insurance",
        "Other"
      ],
      "description": "Expense category"
    },
    "description": {
      "type": "string",
      "description": "Description of the expense"
    },
    "amount": {
      "type": "number",
      "description": "Amount in USD"
    },
    "animal_id": {
      "type": "string",
      "description": "ID of related animal (optional)"
    },
    "animal_name": {
      "type": "string",
      "description": "Name of related animal"
    },
    "pasture_id": {
      "type": "string",
      "description": "ID of related pasture (optional)"
    },
    "pasture_name": {
      "type": "string",
      "description": "Name of related pasture"
    },
    "vendor": {
      "type": "string",
      "description": "Vendor or supplier"
    },
    "payment_method": {
      "type": "string",
      "enum": [
        "Cash",
        "Check",
        "Credit Card",
        "Bank Transfer"
      ],
      "description": "Payment method"
    },
    "receipt_url": {
      "type": "string",
      "description": "URL to receipt image"
    },
    "notes": {
      "type": "string",
      "description": "Additional notes"
    }
  },
  "required": [
    "ranch_id",
    "date",
    "category",
    "description",
    "amount"
  ]
}