{
  "name": "HealthRecord",
  "type": "object",
  "properties": {
    "ranch_id": {
      "type": "string",
      "description": "ID of the ranch"
    },
    "animal_id": {
      "type": "string",
      "description": "ID of the animal"
    },
    "animal_name": {
      "type": "string",
      "description": "Name of the animal"
    },
    "record_type": {
      "type": "string",
      "enum": [
        "Vaccination",
        "Treatment",
        "Checkup",
        "Surgery",
        "Medication"
      ],
      "description": "Type of health record"
    },
    "date": {
      "type": "string",
      "format": "date",
      "description": "Date of the health event"
    },
    "description": {
      "type": "string",
      "description": "Details of the health record"
    },
    "medication_name": {
      "type": "string",
      "description": "Name of medication or vaccine"
    },
    "dosage": {
      "type": "string",
      "description": "Dosage administered"
    },
    "veterinarian": {
      "type": "string",
      "description": "Veterinarian who performed the service"
    },
    "cost": {
      "type": "number",
      "description": "Cost of the treatment"
    },
    "next_due_date": {
      "type": "string",
      "format": "date",
      "description": "Next due date for follow-up"
    },
    "status": {
      "type": "string",
      "enum": [
        "Completed",
        "Scheduled",
        "Overdue"
      ],
      "default": "Completed"
    }
  },
  "required": [
    "ranch_id",
    "animal_id",
    "animal_name",
    "record_type",
    "date",
    "description"
  ]
}