{
  "name": "ImportRule",
  "type": "object",
  "properties": {
    "ranch_id": {
      "type": "string",
      "description": "ID of the ranch"
    },
    "name": {
      "type": "string",
      "description": "Rule name"
    },
    "match_text": {
      "type": "string",
      "description": "Text to match in description or merchant name"
    },
    "match_type": {
      "type": "string",
      "enum": [
        "contains",
        "starts_with",
        "ends_with",
        "exact"
      ],
      "default": "contains",
      "description": "How to match the text"
    },
    "map_to": {
      "type": "string",
      "enum": [
        "Revenue",
        "Expense"
      ],
      "description": "Whether to create Revenue or Expense"
    },
    "category": {
      "type": "string",
      "description": "Default category to assign"
    },
    "default_animal_id": {
      "type": "string",
      "description": "Default animal to link"
    },
    "default_pasture_id": {
      "type": "string",
      "description": "Default pasture to link"
    },
    "enabled": {
      "type": "boolean",
      "default": true,
      "description": "Whether rule is active"
    }
  },
  "required": [
    "ranch_id",
    "name",
    "match_text",
    "map_to"
  ]
}