{
  "name": "List",
  "type": "object",
  "properties": {
    "ranch_id": {
      "type": "string",
      "description": "ID of the ranch"
    },
    "name": {
      "type": "string",
      "description": "Name of the list"
    },
    "description": {
      "type": "string",
      "description": "Description of the list"
    },
    "list_type": {
      "type": "string",
      "enum": [
        "To-Do",
        "Supply List",
        "Maintenance",
        "Veterinary",
        "Feeding Schedule",
        "Other"
      ],
      "description": "Type of list"
    },
    "color": {
      "type": "string",
      "description": "Color code for the list"
    }
  },
  "required": [
    "ranch_id",
    "name",
    "list_type"
  ]
}