{
  "name": "Notification",
  "type": "object",
  "properties": {
    "ranch_id": {
      "type": "string",
      "description": "ID of the ranch"
    },
    "user_email": {
      "type": "string",
      "description": "Email of the user this notification is for"
    },
    "title": {
      "type": "string",
      "description": "Notification title"
    },
    "message": {
      "type": "string",
      "description": "Notification message body"
    },
    "type": {
      "type": "string",
      "enum": [
        "Task",
        "Health",
        "Breeding",
        "Financial",
        "System"
      ],
      "description": "Type of notification"
    },
    "status": {
      "type": "string",
      "enum": [
        "Unread",
        "Read"
      ],
      "default": "Unread",
      "description": "Read status"
    },
    "related_record_id": {
      "type": "string",
      "description": "ID of related record"
    },
    "related_record_type": {
      "type": "string",
      "description": "Type of related record (Animal, Pasture, Task, etc.)"
    },
    "related_record_name": {
      "type": "string",
      "description": "Name/title of related record"
    },
    "action_url": {
      "type": "string",
      "description": "URL to navigate to related record"
    },
    "priority": {
      "type": "string",
      "enum": [
        "Low",
        "Medium",
        "High",
        "Urgent"
      ],
      "default": "Medium",
      "description": "Notification priority"
    }
  },
  "required": [
    "ranch_id",
    "title",
    "message",
    "type"
  ]
}