{
  "name": "PastureHistory",
  "type": "object",
  "properties": {
    "ranch_id": {
      "type": "string",
      "description": "ID of the ranch"
    },
    "animal_id": {
      "type": "string",
      "description": "ID of the animal"
    },
    "animal_name": {
      "type": "string",
      "description": "Name of the animal"
    },
    "pasture_id": {
      "type": "string",
      "description": "ID of the pasture"
    },
    "pasture_name": {
      "type": "string",
      "description": "Name of the pasture"
    },
    "moved_date": {
      "type": "string",
      "format": "date",
      "description": "Date moved to this pasture"
    },
    "moved_from": {
      "type": "string",
      "description": "Previous pasture location"
    },
    "reason": {
      "type": "string",
      "description": "Reason for move"
    },
    "notes": {
      "type": "string",
      "description": "Additional notes"
    }
  },
  "required": [
    "ranch_id",
    "animal_id",
    "pasture_id",
    "moved_date"
  ]
}