{
  "name": "Pasture",
  "type": "object",
  "properties": {
    "ranch_id": {
      "type": "string",
      "description": "ID of the ranch"
    },
    "name": {
      "type": "string",
      "description": "Pasture name or identifier"
    },
    "size_acres": {
      "type": "number",
      "description": "Size in acres"
    },
    "type": {
      "type": "string",
      "enum": [
        "Grazing",
        "Hay",
        "Breeding",
        "Isolation",
        "Other"
      ],
      "default": "Grazing",
      "description": "Type of pasture"
    },
    "address_line1": {
      "type": "string",
      "description": "Street address line 1"
    },
    "address_line2": {
      "type": "string",
      "description": "Street address line 2 (optional)"
    },
    "city": {
      "type": "string",
      "description": "City of the pasture"
    },
    "state": {
      "type": "string",
      "description": "State or province of the pasture"
    },
    "postal_code": {
      "type": "string",
      "description": "Postal code of the pasture"
    },
    "country": {
      "type": "string",
      "description": "Country of the pasture"
    },
    "lat": {
      "type": "number",
      "description": "GPS latitude coordinate"
    },
    "lon": {
      "type": "number",
      "description": "GPS longitude coordinate"
    },
    "geocode_status": {
      "type": "string",
      "enum": [
        "pending",
        "success",
        "failed",
        "manual"
      ],
      "default": "pending",
      "description": "Status of address geocoding"
    },
    "geocode_source": {
      "type": "string",
      "enum": [
        "google",
        "osm",
        "manual"
      ],
      "description": "Source of geocoding data"
    },
    "geocode_updated_at": {
      "type": "string",
      "format": "date-time",
      "description": "Timestamp of last geocode attempt/update"
    },
    "capacity": {
      "type": "number",
      "description": "Animal capacity"
    },
    "current_animal_count": {
      "type": "number",
      "description": "Current number of animals"
    },
    "condition": {
      "type": "string",
      "enum": [
        "Good",
        "Fair",
        "Poor"
      ],
      "default": "Good",
      "description": "Overall pasture condition"
    },
    "grazing_quality": {
      "type": "string",
      "enum": [
        "Excellent",
        "Good",
        "Fair",
        "Poor"
      ],
      "description": "Quality of grazing"
    },
    "last_rotation_date": {
      "type": "string",
      "format": "date",
      "description": "Last rotation date"
    },
    "next_rotation_date": {
      "type": "string",
      "format": "date",
      "description": "Planned next rotation date"
    },
    "water_source": {
      "type": "string",
      "description": "Water source availability"
    },
    "fence_condition": {
      "type": "string",
      "enum": [
        "Good",
        "Needs Repair",
        "Critical"
      ],
      "description": "Fence condition"
    },
    "image_url": {
      "type": "string",
      "description": "Photo of the pasture"
    },
    "notes": {
      "type": "string",
      "description": "Additional notes"
    }
  },
  "required": [
    "ranch_id",
    "name",
    "size_acres"
  ],
  "rls": {
    "create": {
      "ranch_id": "{{user.active_ranch_id}}"
    },
    "read": {
      "ranch_id": "{{user.active_ranch_id}}"
    },
    "update": {
      "ranch_id": "{{user.active_ranch_id}}"
    },
    "delete": {
      "ranch_id": "{{user.active_ranch_id}}"
    }
  }
}