{
  "name": "Ranch",
  "type": "object",
  "properties": {
    "name": {
      "type": "string",
      "description": "Ranch name"
    },
    "location": {
      "type": "string",
      "description": "Ranch location (city, state)"
    },
    "owner_email": {
      "type": "string",
      "description": "Email of the ranch owner"
    },
    "owner_name": {
      "type": "string",
      "description": "Name of the ranch owner"
    },
    "herd_size": {
      "type": "number",
      "description": "Approximate herd size"
    },
    "logo_url": {
      "type": "string",
      "description": "Ranch logo URL"
    },
    "contact_email": {
      "type": "string",
      "description": "Ranch contact email"
    },
    "contact_phone": {
      "type": "string",
      "description": "Ranch contact phone"
    },
    "address": {
      "type": "string",
      "description": "Full ranch address"
    },
    "total_acres": {
      "type": "number",
      "description": "Total ranch acreage"
    },
    "subscription_plan": {
      "type": "string",
      "enum": [
        "Free",
        "Pro",
        "Enterprise",
        "Pro Trial"
      ],
      "default": "Free",
      "description": "Subscription tier"
    },
    "subscription_status": {
      "type": "string",
      "enum": [
        "Active",
        "Trial",
        "Expired",
        "Cancelled"
      ],
      "default": "Trial",
      "description": "Subscription status"
    },
    "stripe_customer_id": {
      "type": "string",
      "description": "Stripe customer ID"
    },
    "stripe_subscription_id": {
      "type": "string",
      "description": "Stripe subscription ID"
    },
    "subscription_start_date": {
      "type": "string",
      "format": "date",
      "description": "When subscription started"
    },
    "subscription_end_date": {
      "type": "string",
      "format": "date",
      "description": "When subscription ends/renews"
    },
    "trial_start_date": {
      "type": "string",
      "format": "date",
      "description": "When trial started"
    },
    "trial_end_date": {
      "type": "string",
      "format": "date",
      "description": "When trial ends"
    },
    "latest_fc_session_id": {
      "type": "string",
      "description": "Latest Financial Connections session ID for webhook correlation"
    }
  },
  "required": [
    "name",
    "owner_email",
    "owner_name"
  ]
}