{
  "name": "Revenue",
  "type": "object",
  "properties": {
    "ranch_id": {
      "type": "string",
      "description": "ID of the ranch"
    },
    "date": {
      "type": "string",
      "format": "date",
      "description": "Date of revenue"
    },
    "category": {
      "type": "string",
      "enum": [
        "Cattle Sale",
        "Calf Sale",
        "Milk",
        "Breeding Services",
        "Other"
      ],
      "description": "Revenue category"
    },
    "description": {
      "type": "string",
      "description": "Description of the revenue"
    },
    "amount": {
      "type": "number",
      "description": "Amount in USD"
    },
    "animal_id": {
      "type": "string",
      "description": "ID of animal sold (if applicable)"
    },
    "animal_name": {
      "type": "string",
      "description": "Name of animal sold"
    },
    "pasture_id": {
      "type": "string",
      "description": "ID of related pasture (optional)"
    },
    "pasture_name": {
      "type": "string",
      "description": "Name of related pasture"
    },
    "buyer": {
      "type": "string",
      "description": "Buyer name"
    },
    "payment_method": {
      "type": "string",
      "enum": [
        "Cash",
        "Check",
        "Credit Card",
        "Bank Transfer"
      ],
      "description": "Payment method"
    },
    "receipt_url": {
      "type": "string",
      "description": "URL to receipt/invoice image"
    },
    "notes": {
      "type": "string",
      "description": "Additional notes"
    }
  },
  "required": [
    "ranch_id",
    "date",
    "category",
    "description",
    "amount"
  ]
}