{
  "name": "Scenario",
  "type": "object",
  "properties": {
    "ranch_id": {
      "type": "string",
      "description": "ID of the ranch this scenario belongs to"
    },
    "name": {
      "type": "string",
      "description": "User-provided scenario name"
    },
    "description": {
      "type": "string",
      "description": "Optional scenario description"
    },
    "is_ranch_goal": {
      "type": "boolean",
      "default": false,
      "description": "Whether this is the active goal scenario (only one per ranch)"
    },
    "timeframe_start": {
      "type": "string",
      "format": "date",
      "description": "Reporting window start date"
    },
    "timeframe_end": {
      "type": "string",
      "format": "date",
      "description": "Reporting window end date"
    },
    "aggregation": {
      "type": "string",
      "enum": [
        "daily",
        "monthly",
        "quarterly",
        "annual"
      ],
      "default": "monthly",
      "description": "Data aggregation level"
    },
    "widgets": {
      "type": "array",
      "description": "Selected visualization widgets",
      "items": {
        "type": "object"
      }
    },
    "price_overrides": {
      "type": "array",
      "description": "Custom pricing assumptions",
      "items": {
        "type": "object"
      }
    },
    "cost_overrides": {
      "type": "array",
      "description": "Custom cost assumptions",
      "items": {
        "type": "object"
      }
    },
    "predator_loss_rate": {
      "type": "number",
      "description": "Predator loss rate (0-0.5)",
      "default": 0.02
    },
    "mortality_rate": {
      "type": "number",
      "description": "Mortality rate (0-0.2)",
      "default": 0.01
    },
    "shrink_rate": {
      "type": "number",
      "description": "Shrink rate (0-0.1)",
      "default": 0.02
    },
    "grazing_params": {
      "type": "array",
      "description": "Grazing demand parameters",
      "items": {
        "type": "object"
      }
    },
    "heifer_keep_rate": {
      "type": "number",
      "description": "Heifer retention rate (0-1)",
      "default": 0.25
    },
    "target_replacement_pct": {
      "type": "number",
      "description": "Target replacement percentage per year",
      "default": 0.18
    },
    "discount_rate": {
      "type": "number",
      "description": "Annual discount rate",
      "default": 0.08
    },
    "interest_rate": {
      "type": "number",
      "description": "Operating interest rate",
      "default": 0.095
    },
    "tax_rate": {
      "type": "number",
      "description": "Effective tax rate",
      "default": 0.22
    },
    "allocation_rule": {
      "type": "string",
      "enum": [
        "by_GUM",
        "by_Revenue",
        "even_split"
      ],
      "default": "by_GUM",
      "description": "Cost allocation method"
    },
    "custom_gum_override": {
      "type": "number",
      "description": "Custom GUM value override"
    },
    "baseline_source": {
      "type": "string",
      "enum": [
        "live",
        "frozen",
        "scenario"
      ],
      "default": "frozen",
      "description": "Comparison baseline type"
    },
    "baseline_snapshot_date": {
      "type": "string",
      "format": "date-time",
      "description": "When baseline was captured"
    },
    "baseline_scenario_id": {
      "type": "string",
      "description": "ID of baseline scenario if comparing to another scenario"
    },
    "baseline_data": {
      "type": "object",
      "description": "Frozen baseline snapshot data"
    },
    "visibility": {
      "type": "string",
      "enum": [
        "private",
        "team",
        "org"
      ],
      "default": "team",
      "description": "Who can view this scenario"
    }
  },
  "required": [
    "ranch_id",
    "name",
    "timeframe_start",
    "timeframe_end"
  ]
}