{
  "name": "Task",
  "type": "object",
  "properties": {
    "ranch_id": {
      "type": "string",
      "description": "ID of the ranch this task belongs to"
    },
    "list_id": {
      "type": "string",
      "description": "ID of the list this task belongs to"
    },
    "list_name": {
      "type": "string",
      "description": "Name of the list"
    },
    "title": {
      "type": "string",
      "description": "Task title"
    },
    "description": {
      "type": "string",
      "description": "Detailed task description"
    },
    "assigned_to": {
      "type": "string",
      "description": "Email of assigned user"
    },
    "assigned_to_name": {
      "type": "string",
      "description": "Name of assigned user"
    },
    "related_animal_id": {
      "type": "string",
      "description": "ID of related animal"
    },
    "related_animal_name": {
      "type": "string",
      "description": "Name of related animal"
    },
    "related_pasture_id": {
      "type": "string",
      "description": "ID of related pasture"
    },
    "related_pasture_name": {
      "type": "string",
      "description": "Name of related pasture"
    },
    "due_date": {
      "type": "string",
      "format": "date",
      "description": "Due date for the task"
    },
    "priority": {
      "type": "string",
      "enum": [
        "Low",
        "Medium",
        "High",
        "Urgent"
      ],
      "default": "Medium",
      "description": "Task priority level"
    },
    "status": {
      "type": "string",
      "enum": [
        "Pending",
        "In Progress",
        "Completed",
        "Cancelled"
      ],
      "default": "Pending",
      "description": "Current status of the task"
    },
    "notes": {
      "type": "string",
      "description": "Additional notes"
    }
  },
  "required": [
    "ranch_id",
    "list_id",
    "title"
  ]
}