{
  "name": "User",
  "type": "object",
  "properties": {
    "ranch_id": {
      "type": "string",
      "description": "ID of the ranch this user belongs to"
    },
    "phone_number": {
      "type": "string",
      "description": "User's phone number"
    },
    "role_title": {
      "type": "string",
      "enum": [
        "Owner",
        "Manager",
        "Worker",
        "Veterinarian",
        "Assistant"
      ],
      "description": "User's role in the ranch"
    },
    "ranch_name": {
      "type": "string",
      "description": "Name of the ranch (denormalized for quick access)"
    },
    "profile_photo_url": {
      "type": "string",
      "description": "URL to profile photo"
    },
    "onboarding_completed": {
      "type": "boolean",
      "default": false,
      "description": "Whether user has completed onboarding"
    },
    "tutorial_completed": {
      "type": "boolean",
      "default": false,
      "description": "Whether user has completed the tutorial walkthrough"
    },
    "tutorial_progress": {
      "type": "number",
      "default": 0,
      "description": "Current step in the tutorial (0 = not started)"
    },
    "tutorial_status": {
      "type": "string",
      "enum": [
        "Not Started",
        "In Progress",
        "Completed",
        "Skipped"
      ],
      "default": "Not Started",
      "description": "Tutorial completion status"
    },
    "email_notifications": {
      "type": "boolean",
      "default": true
    },
    "task_reminders": {
      "type": "boolean",
      "default": true
    },
    "health_alerts": {
      "type": "boolean",
      "default": true
    },
    "breeding_notifications": {
      "type": "boolean",
      "default": true
    },
    "financial_alerts": {
      "type": "boolean",
      "default": true
    },
    "theme_mode": {
      "type": "string",
      "enum": [
        "light",
        "dark",
        "system"
      ],
      "default": "light",
      "description": "User's preferred theme mode"
    }
  },
  "required": []
}